{
  "three": {
    "position": [
      1.5363168804445717,
      0.8187995145707163,
      0.0078670324629595
    ],
    "orientation": [
      -1.38857623306136,
      1.072949621353386,
      1.3640708211183215
    ],
    "size": [
      2.25,
      2.25,
      2.25
    ],
    "normal": [
      0.8786128709632215,
      0.46962857716986595,
      0.08653567173814952
    ]
  },
  "vue": {
    "position": [
      -1.157967479791258,
      -0.21184063027023203,
      1.2757945122548344
    ],
    "orientation": [
      0.12612618734468,
      -0.6833155391591204,
      0.07988657730313918
    ],
    "size": [
      2,
      2,
      2
    ],
    "normal": [
      -0.6313676359983956,
      -0.09754968296024379,
      0.7693237079202443
    ]
  }
}
