{
    "position": [
        -0.05474001555325014,
        1.5981405364412373,
        1.3792617129067388
    ],
    "orientation": [
        -0.32190543590405507,
        -0.015366481877823888,
        -0.005124558646428661
    ],
    "size": [
        1,
        1,
        1
    ],
    "normal": [
        -0.01536587714023159,
        0.31633734387448864,
        0.9485223111187974
    ]
}