{
    "glb": {
        "position": [
            -13.54854422606721,
            18.384044556860996,
            6.358383097269183
        ],
        "orientation": [
            -0.6272934257338958,
            0.9807035105497516,
            0.5421646053685236
        ],
        "size": [
            5,
            5,
            5
        ],
        "normal": [
            0.8308890361799289,
            0.3266044944856527,
            0.4505029564140062
        ]
    },
    "sphere": [
        {
            "position": [
                4.489425484731065,
                1.1314086645569787,
                8.758887782140448
            ],
            "orientation": [
                -0.11068618405775012,
                0.48832627129794015,
                0.05209418487650464
            ],
            "size": [
                10,
                10,
                10
            ],
            "normal": [
                0.46914844383249255,
                0.0975496356837158,
                0.8777151053887161
            ]
        },
        {
            "position": [
                -3.1276832469914044,
                3.522540787003642,
                -8.755249592588946
            ],
            "orientation": [
                -2.8360042783451482,
                -0.28160486130708523,
                -3.054147839505262
            ],
            "size": [
                10,
                10,
                10
            ],
            "normal": [
                -0.27789765270100525,
                0.2890038976574822,
                -0.9161056935539998
            ]
        },
        {
            "position": [
                7.225254173070432,
                -6.567586674064216,
                -1.839877818312452
            ],
            "orientation": [
                1.9122951877748846,
                0.8347952567068291,
                -1.005661019577059
            ],
            "size": [
                5,
                5,
                5
            ],
            "normal": [
                0.7411590770619058,
                -0.6325626901555187,
                -0.2248280799009708
            ]
        },
        {
            "position": [
                -9.145761655322616,
                -0.48365392283013975,
                3.9003224195390835
            ],
            "orientation": [
                0.20500804908501977,
                -1.071073020592291,
                0.47722193677771846
            ],
            "size": [
                6,
                6,
                6
            ],
            "normal": [
                -0.8777151823679018,
                -0.09754963724792012,
                0.4691482994892766
            ]
        },
        {
            "position": [
                -3.9923799018412947,
                -9.04773853615535,
                -1.1838677095555976
            ],
            "orientation": [
                1.7254622619327877,
                -0.4698957926052585,
                1.9024125813461839
            ],
            "size": [
                10,
                10,
                10
            ],
            "normal": [
                -0.4527933749117019,
                -0.8809723068406046,
                -0.13735339171645689
            ]
        },
        {
            "position": [
                7.614105777099155,
                4.447629116105464,
                -4.558882283691162
            ],
            "orientation": [
                -2.295928095238506,
                0.8924584523609037,
                2.420719932655658
            ],
            "size": [
                10,
                10,
                10
            ],
            "normal": [
                0.7786167771458316,
                0.46962835188758084,
                -0.4161791987238105
            ]
        },
        {
            "position": [
                -3.076385701843403,
                9.27649407708185,
                2.059685927826127
            ],
            "orientation": [
                -1.3797816849381217,
                -0.22733995932927845,
                -0.8617006769310226
            ],
            "size": [
                5,
                5,
                5
            ],
            "normal": [
                -0.22538672781607227,
                0.9565494703780344,
                0.18497008851126578
            ]
        }
    ],
    "box": {
        "position": [
            -0.3328145803203455,
            5,
            -0.03354545117475283
        ],
        "orientation": [
            -1.57069632679523,
            0,
            0
        ],
        "size": [
            5,
            5,
            5
        ],
        "normal": [
            0,
            1,
            0
        ]
    }
}